ASO,Sequence,inhibition_rate_efo21_1,inhibition_rate_sk0v3_1,inhibition_rate_sk0v3_2,inhibition_rate_efo21_2,average_inhibition_rate
A06001H,GGCGCTGTGACTTG,0.015,0.051,,,0.033
A06002H,AGGCGCTGTGACTT,0.012,0.091,,,0.0515
A06003H,ATGCGAAGAACACT,0.369,0.417,,,0.393
A06004H,TATATGCGAAGAAC,0.348,0.402,,,0.375
A06005H,ACTTAGTCACGATT,0.08,0.178,,,0.129
A06006H,GCCATTCTTGTAGTC,0.207,0.547,,,0.377
A06007H,GATTGTCCAGGAGTT,0.006,0.067,0.108,0.003,0.046
A06008H,CTCAACTCTTTCTCG,0.019,0.105,0.187,,0.10366666666666667
A06009H,GGCGCTGTGACTTGT,0.01,0.026,,,0.018
A06010H,TTGGCAAGACCTTAC,0.261,0.357,,,0.309
A06011H,GTTGGCAGTAAGGAA,0.0279999999999999,0.168,,,0.09799999999999995
A06012H,GACACAGTCTGCATA,0.085,0.262,,,0.17350000000000002
A06013HM,GTCAGGGGCTTATTA,0.2,0.4429999999999999,,,0.32149999999999995
A06014H,GAGAACAAAACGTCC,0.541,0.609,,,0.575
A06015H,AGTGTCCCGTTCTTG,0.0579999999999999,0.054,,,0.05599999999999995
A06016H,TATGCGAAGAACACT,0.303,0.307,,,0.305
A06017H,AGGACGTCAAAGCAC,0.5920000000000001,0.777,,,0.6845000000000001
A06018H,GAGCTGGTGGCATAT,0.078,0.266,,,0.17200000000000001
A06019H,GAGCTGGTGGCATAT,0.104,0.308,,,0.206
A06020H,GACAAACTCACGGAC,0.061,0.185,,,0.123
A06021HM,GACAAACTCACGGAC,0.061,0.149,,,0.105
A06022HM,GACAAACTCACGGAC,0.073,0.215,,,0.144
A06023HM,TAAGCTTCCCGCAGG,0.406,0.5920000000000001,,,0.49900000000000005
A06024H,AGATGGTAGCTCCTC,0.127,0.369,,,0.248
A06025H,GTACTTAGTCACGAT,0.074,0.143,,,0.10849999999999999
A06026H,TGGCTTGCAGGAATC,0.478,0.532,,,0.505
A06027H,GTCTTCAGAGGTCTT,0.095,0.251,,,0.173
A06028H,CTTGTAGTCTGCTCCT,0.019,0.072,,,0.0455
A06029H,GGCGCTGTGACTTGTG,0.005,0.037,,,0.020999999999999998
A06030H,AGGCGCTGTGACTTGT,0.002,0.04,0.063,0.012,0.02925
A06031H,GCAAGACCTTACGGAC,0.132,0.4529999999999999,,,0.2925
A06032H,GTTGGCAGTAAGGAAC,0.136,0.402,,,0.269
A06033H,GAGAACAAAACGTCCA,0.15,0.261,,,0.20550000000000002
A06034H,CAGTCTCCATCACGAA,0.102,0.3779999999999999,,,0.23999999999999994
A06035H,AGTGTCCCGTTCTTGC,0.037,0.0409999999999999,0.054,0.015,0.03674999999999998
A06036H,AATATATGCGAAGAAC,0.272,0.659,,,0.4655
A06037H,CAGGACGTCAAAGCAC,0.604,0.858,,,0.731
A06038H,TGAGCTGGTGGCATAT,0.089,0.246,,,0.16749999999999998
A06039H,GACAAACTCACGGACT,0.085,0.248,,,0.1665
A06040HM,TTGCAGATGGTAGCTC,0.114,0.308,,,0.211
A06041H,GAGGTCTTTTGTATTG,0.136,0.181,,,0.1585
A06042H,ATTCTTGTAGTCTGCTC,0.066,0.292,,,0.179
A06043H,CCAGACTCTATGAGATC,0.0139999999999999,0.14,,,0.07699999999999996
A06044H,GAGATGATCAATGCTGA,0.02,0.109,,,0.0645
A06045H,AGGCGCTGTGACTTGTG,0.008,0.05,,,0.029
A06046H,GGTGATGCATCCCAGAA,0.02,0.078,,,0.049
A06047H,GGCAAGACCTTACGGAC,0.086,0.405,,,0.2455
A06048H,GTTGGCAGTAAGGAACA,0.547,0.789,,,0.668
A06049H,ACAAAACGTCCATGTTC,0.755,0.89,,,0.8225
A06050H,AGTGTCCCGTTCTTGCA,0.049,0.051,,,0.05
A06051H,GAACTGAGCAGCATGTC,0.263,0.607,,,0.435
A06052H,GAGCTGGTGGCATATAT,0.127,0.261,,,0.194
A06053H,GTTCCTGTGAGCTGGTG,0.124,0.3379999999999999,,,0.23099999999999996
A06054H,AGGACAAACTCACGGAC,0.063,0.191,,,0.127
A06055H,CCGCAGGCCAGCATCAC,0.647,1.091,,,0.869
A06056H,TTGCAGATGGTAGCTCC,0.1159999999999999,0.255,,,0.18549999999999994
A06057H,GCGCTGTGACTTGT,0.004,0.154,,,0.079
A06058H,GCGCTGTGACTTGT,0.021,0.187,,,0.104
A06059H,GATTGTCCAGGAGTT,0.015,0.249,,,0.132
A06060H,TGATTGTCCAGGAGT,0.005,0.12,,,0.0625
A06061H,CTCAACTCTTTCTCG,0.016,0.259,,,0.1375
A06062H,AGGCGCTGTGACTTG,0.003,0.084,,,0.043500000000000004
A06063H,GTGTCCCGTTCTTGC,0.019,0.139,,,0.079
A06064H,GATTGTCCAGGAGTTT,0.026,0.372,,,0.199
A06065H,TGATTGTCCAGGAGTT,0.004,0.122,,,0.063
A06066H,TCTCAACTCTTTCTCG,0.011,0.203,,,0.10700000000000001
A06067H,TTCTCAACTCTTTCTC,0.039,0.287,,,0.16299999999999998
A06068H,AGGCGCTGTGACTTGT,0.005,0.155,,,0.08
A06069H,AGTGTCCCGTTCTTGC,0.023,0.163,,,0.093
A06070H,GATTGTCCAGGAGTTTT,0.016,0.317,,,0.1665
A06071H,CTCAACTCTTTCTCGAA,0.0279999999999999,0.263,,,0.14549999999999996
A06072H,CTCAACTCTTTCTCGAA,0.153,0.55,,,0.35150000000000003
NEG1,CGTTTAGGCTATGTACTT,1.3,1.118,,,1.209
S6,TCTATCGTGATGTTTCT,0.8540000000000001,1.069,,,0.9615
