ISIS,Target_gene,Cell_line,Density(cells/well),Transfection,ASO_volume(nM),Treatment_Period(hours),Primer_probe_set,Sequence,Modification,Location,Chemical_Pattern,Linkage,Linkage_Location,Smiles,Inhibition(%),seq_length,target_id
134282,BCL2,,,,,,,TCCAGAAGGCCCAGGGTCCC,,,,,,,51,,3
134283,BCL2,,,,,,,TATAGACCACATCTGATGAT,,,,,,,56,,3
134284,BCL2,,,,,,,AGGAAAACGCATTATAGACC,,,,,,,59,,3
134285,BCL2,,,,,,,TGGGCTGCTCCCCGGACCCG,,,,,,,80,,17
134286,BCL2,,,,,,,CTCAGAGCTGGTGGGCCCCC,,,,,,,32,,17
134287,BCL2,,,,,,,GATCTGCTCAGAGCTGGTGG,,,,,,,58,,17
134288,BCL2,,,,,,,CCCTGTCTTCATGATCTGCT,,,,,,,83,,17
134289,BCL2,,,,,,,CCCCTGTCTTCATGATCTGC,,,,,,,77,,17
134290,BCL2,,,,,,,GCCCCTGTCTTCATGATCTG,,,,,,,57,,17
134291,BCL2,,,,,,,GGGCCCCTGTCTTCATGATC,,,,,,,17,,17
134292,BCL2,,,,,,,AAAAGGGCCCCTGTCTTCAT,,,,,,,40,,17
134293,BCL2,,,,,,,AAACCCTGAAGCAAAAGGGC,,,,,,,54,,17
134294,BCL2,,,,,,,GAAACCCTGAAGCAAAAGGG,,,,,,,42,,17
134295,BCL2,,,,,,,CTGGATGAAACCCTGAAGCA,,,,,,,15,,17
134296,BCL2,,,,,,,CCTGGATGAAACCCTGAAGC,,,,,,,44,,17
134297,BCL2,,,,,,,TCCTGGATGAAACCCTGAAG,,,,,,,29,,17
134298,BCL2,,,,,,,CGATCCTGGATGAAACCCTG,,,,,,,58,,17
134299,BCL2,,,,,,,GCTCGATCCTGGATGAAACC,,,,,,,67,,17
134300,BCL2,,,,,,,CTGCTCGATCCTGGATGAAA,,,,,,,62,,17
134301,BCL2,,,,,,,GCCCTGCTCGATCCTGGATG,,,,,,,71,,17
134302,BCL2,,,,,,,GGACGCATCCTGAGGCACCG,,,,,,,71,,17
134303,BCL2,,,,,,,TGGACGCATCCTGAGGCACC,,,,,,,65,,17
134304,BCL2,,,,,,,CTTCTTGGTGGACGCATCCT,,,,,,,69,,17
134305,BCL2,,,,,,,TCGCTCAGCTTCTTGGTGGA,,,,,,,32,,17
134306,BCL2,,,,,,,ACACTCGCTCAGCTTCTTGG,,,,,,,69,,17
134307,BCL2,,,,,,,GACACTCGCTCAGCTTCTTG,,,,,,,78,,17
134308,BCL2,,,,,,,GAGACACTCGCTCAGCTTCT,,,,,,,57,,17
134309,BCL2,,,,,,,CAGCTCCATGTTACTGTCCA,,,,,,,71,,17
134310,BCL2,,,,,,,TGCAGCTCCATGTTACTGTC,,,,,,,59,,17
134311,BCL2,,,,,,,CTCTGCAGCTCCATGTTACT,,,,,,,48,,17
134312,BCL2,,,,,,,ATCATCCTCTGCAGCTCCAT,,,,,,,72,,17
134313,BCL2,,,,,,,GGCAATCATCCTCTGCAGCT,,,,,,,61,,17
134314,BCL2,,,,,,,GCGGCAATCATCCTCTGCAG,,,,,,,23,,17
134315,BCL2,,,,,,,GGCGGCAATCATCCTCTGCA,,,,,,,30,,17
134316,BCL2,,,,,,,CTGTGTCCACGGCGGCAATC,,,,,,,76,,17
134317,BCL2,,,,,,,GTCTGTGTCCACGGCGGCAA,,,,,,,81,,17
134318,BCL2,,,,,,,TCGGAAAAAGACCTCTCGGG,,,,,,,73,,17
134319,BCL2,,,,,,,GCTGCCACTCGGAAAAAGAC,,,,,,,69,,17
134320,BCL2,,,,,,,GTCAGCTGCCACTCGGAAAA,,,,,,,77,,17
134321,BCL2,,,,,,,TCAGAAAACATGTCAGCTGC,,,,,,,49,,17
134322,BCL2,,,,,,,TTGCCGTCAGAAAACATGTC,,,,,,,64,,17
134323,BCL2,,,,,,,GCCCCAGTTGAAGTTGCCGT,,,,,,,84,,17
134324,BCL2,,,,,,,CGGCCCCAGTTGAAGTTGCC,,,,,,,56,,17
134325,BCL2,,,,,,,GCAAAGTAGAAAAGGGCGAC,,,,,,,43,,17
134326,BCL2,,,,,,,TGGTTCTGATCAGTTCCGGC,,,,,,,51,,17
134327,BCL2,,,,,,,CCCATGATGGTTCTGATCAG,,,,,,,52,,17
134328,BCL2,,,,,,,TGTCCAGCCCATGATGGTTC,,,,,,,73,,17
134329,BCL2,,,,,,,CTCCCGGAGGAAGTCCAATG,,,,,,,71,,17
134330,BCL2,,,,,,,GCCGCTCCCGGAGGAAGTCC,,,,,,,72,,17
134331,BCL2,,,,,,,GTCTTGGATCCAGCCCAACA,,,,,,,57,,17
134332,BCL2,,,,,,,CCACCCTGGTCTTGGATCCA,,,,,,,49,,17
134333,BCL2,,,,,,,GTCCCAACCACCCTGGTCTT,,,,,,,44,,17
134334,BCL2,,,,,,,AGGAGGCCGTCCCAACCACC,,,,,,,55,,17
134335,BCL2,,,,,,,GTAGGAGAGGAGGCCGTCCC,,,,,,,67,,17
134336,BCL2,,,,,,,AGATGGTCACGGTCTGCCAC,,,,,,,79,,17
134337,BCL2,,,,,,,AAAGATGGTCACGGTCTGCC,,,,,,,74,,17
134338,BCL2,,,,,,,CGCCACAAAGATGGTCACGG,,,,,,,82,,17
134339,BCL2,,,,,,,TTCCAGATGGTGAGCGAGGC,,,,,,,64,,17
134340,BCL2,,,,,,,TCTTCCAGATGGTGAGCGAG,,,,,,,55,,17
134341,BCL2,,,,,,,CTTCTTCCAGATGGTGAGCG,,,,,,,46,,17
134342,BCL2,,,,,,,CATCTTCTTCCAGATGGTGA,,,,,,,52,,17
134343,BCL2,,,,,,,CAGCCCATCTTCTTCCAGAT,,,,,,,49,,17
134344,BCL2,,,,,,,GCACAGGGCCTTGAGCACCA,,,,,,,68,,
134345,BCL2,,,,,,,AATGCCCATGTCCCCCAATC,,,,,,,66,,
134346,BCL2,,,,,,,CTCAAGACCACTTTTCCCCA,,,,,,,8,,
134347,BCL2,,,,,,,TTTTTGGGTCCCGAAGGAGG,,,,,,,24,,
134348,BCL2,,,,,,,CCCACCTTGAGCACCAGTTT,,,,,,,71,,
134349,BCL2,,,,,,,AGCTGCCCACCTTGAGCACC,,,,,,,68,,
134350,BCL2,,,,,,,TCCAGTAAATGCTTGTTGAA,,,,,,,74,,
134351,BCL2,,,,,,,TCACCCCTGCACGTGAACTC,,,,,,,67,,
134352,BCL2,,,,,,,TGAACCAAGATCATGCCATT,,,,,,,7,,
134353,BCL2,,,,,,,GGCAGAGGTTGCAGTGAACC,,,,,,,58,,
134354,BCL2,,,,,,,CAAATCCGTCTTCCAAATAA,,,,,,,1,,
134355,BCL2,,,,,,,AGGTTGCGCCATTGCACTCC,,,,,,,53,,
134356,BCL2,,,,,,,TGGCACATGCCTGTAATCCC,,,,,,,52,,
134357,BCL2,,,,,,,ATACAAAATTACCGGGCGTG,,,,,,,0,,
134358,BCL2,,,,,,,CTTGGTGCACAGGGCCTGTG,,,,,,,17,,
134359,BCL2,,,,,,,GATGAAACCCCGCCTCTGGG,,,,,,,35,,
